id,uuid,user_login,user_name,created_at,updated_at,quality_grade,url,description,num_identification_agreements,num_identification_disagreements,captive_cultivated,place_guess,latitude,longitude,positional_accuracy,public_positional_accuracy,species_guess,scientific_name,common_name,field:2023 - fall seasonal branch browning percent (0-100%),field:2023 - percent canopy dieback,field:date recorded,field:tree number (from google map) if applicable,field:relative cone crop
108967112,2230b787-cc63-465a-b868-fbbbc362248d,aubinbel,,2022-03-19 17:49:28 UTC,2023-10-19 23:39:05 UTC,research,https://www.inaturalist.org/observations/108967112,,1,0,FALSE,"McKinley Park, Tacoma, WA, US",47.23484058,-122.4232087,41,41,western redcedar,Thuja plicata,western redcedar,10,0,10/12/23,Twrc1,Relatively Less Cones
145372548,48bedbd7-9c2b-470e-9fc3-e564a2f59f65,jim1083,Jim Knettel,2022-12-29 20:27:09 UTC,2023-10-18 21:03:51 UTC,research,https://www.inaturalist.org/observations/145372548,,2,0,FALSE,"Tacoma, WA 98406, USA",47.26715326,-122.5136268,4,4,western redcedar,Thuja plicata,western redcedar,15,0,10/11/23,Twrc2,Typical amount of Cones
145373987,b43fcac5-5382-4a39-b29f-8e3e35267d0b,jim1083,Jim Knettel,2022-12-29 20:48:53 UTC,2023-10-10 21:41:13 UTC,research,https://www.inaturalist.org/observations/145373987,,3,0,FALSE,"Tacoma, WA 98406, USA",47.26566961,-122.503993,9,9,western redcedar,Thuja plicata,western redcedar,10,0,10/10/23,Twrc3,Typical amount of Cones
145376461,ed8cf9da-9d77-48e4-b9e9-aa0f97b2a24e,jim1083,Jim Knettel,2022-12-29 21:23:42 UTC,2023-10-10 21:26:19 UTC,research,https://www.inaturalist.org/observations/145376461,,2,0,FALSE,"Tacoma, WA 98406, USA",47.26536384,-122.4857336,7,7,western redcedar,Thuja plicata,western redcedar,1,0,10/10/23,Twrc4,Relatively Less Cones
145443546,89975474-555c-417c-853f-2d6b620a1984,jim1083,Jim Knettel,2022-12-30 19:04:12 UTC,2023-10-18 21:04:00 UTC,casual,https://www.inaturalist.org/observations/145443546,Corner of Wright Park ,2,0,TRUE,"6th Ave & I St, Tacoma, WA 98405, USA",47.25753098,-122.4498258,7,7,western redcedar,Thuja plicata,western redcedar,25,0,10/11/23,Twrc5,Relatively Less Cones
145444010,5ccbd511-ce7f-4bcc-9213-79ad05b075f4,jim1083,Jim Knettel,2022-12-30 19:09:33 UTC,2023-10-18 21:04:08 UTC,casual,https://www.inaturalist.org/observations/145444010,Wright Park right building ,2,0,TRUE,"Hilltop, Tacoma, WA, USA",47.25839413,-122.4499292,8,8,western redcedar,Thuja plicata,western redcedar,25,0,10/11/23,Twrc6,Relatively More Cones
145444329,65b653d5-e554-401c-b58b-09121ebc28ac,jim1083,Jim Knettel,2022-12-30 19:14:34 UTC,2023-10-18 21:04:16 UTC,casual,https://www.inaturalist.org/observations/145444329,Wright Park left side,1,0,TRUE,"Hilltop, Tacoma, WA, USA",47.25855436,-122.4498982,6,6,western redcedar,Thuja plicata,western redcedar,25,0,10/11/23,Twrc7,Typical amount of Cones
145445391,cb82c865-707a-4e98-8490-af7bd83e11ee,jim1083,Jim Knettel,2022-12-30 19:29:53 UTC,2023-10-12 00:57:29 UTC,casual,https://www.inaturalist.org/observations/145445391,Wright Park pond,2,0,TRUE,"Hilltop, Tacoma, WA, USA",47.26058549,-122.4503282,9,9,western redcedar,Thuja plicata,western redcedar,1,0,10/11/23,Twrc8,Typical amount of Cones
145447796,0f3ca94f-78d6-44a8-ac5f-47199e107f83,jim1083,Jim Knettel,2022-12-30 20:06:20 UTC,2023-10-12 01:03:51 UTC,casual,https://www.inaturalist.org/observations/145447796,Wright Park hillside ,1,0,TRUE,"Hilltop, Tacoma, WA, USA",47.26239274,-122.4489418,8,8,western redcedar,Thuja plicata,western redcedar,2,0,10/11/23,Twrc9,Not Sure
145448260,4a717628-1cf7-4174-a487-acbd0ef437eb,jim1083,Jim Knettel,2022-12-30 20:14:38 UTC,2023-10-18 21:04:36 UTC,casual,https://www.inaturalist.org/observations/145448260,Wright Park hillside ,1,0,TRUE,"Hilltop, Tacoma, WA, USA",47.26105254,-122.4485074,7,7,western redcedar,Thuja plicata,western redcedar,15,0,10/11/23,Twrc10,Relatively More Cones
145457978,e2aa7217-a3ae-4c25-9a89-3565316a2f95,jim1083,Jim Knettel,2022-12-30 22:34:10 UTC,2023-10-18 23:59:53 UTC,research,https://www.inaturalist.org/observations/145457978,Delong Park parking lot ,1,0,FALSE,"Central Tacoma, Tacoma, WA, USA",47.24929618,-122.4994491,4,4,western redcedar,Thuja plicata,western redcedar,20,0,10/18/23,Twrc11,Relatively Less Cones
145458444,76c73549-7f7f-44e3-8c7b-13430561d448,jim1083,Jim Knettel,2022-12-30 22:42:07 UTC,2023-10-18 23:57:47 UTC,research,https://www.inaturalist.org/observations/145458444,Delong Park parking lot ,2,0,FALSE,"Central Tacoma, Tacoma, WA, USA",47.24963116,-122.4994995,8,8,western redcedar,Thuja plicata,western redcedar,25,0,10/18/23,Twrc12,Typical amount of Cones
145536810,fab8bf9e-9fc4-42d3-945f-b4970329eee5,jim1083,Jim Knettel,2022-12-31 23:04:56 UTC,2023-10-19 00:03:15 UTC,research,https://www.inaturalist.org/observations/145536810,Bottom of slope  no cones ,2,0,FALSE,"Central Tacoma, Tacoma, WA, USA",47.24467451,-122.4992446,7,7,western redcedar,Thuja plicata,western redcedar,2,0,10/18/23,Twrc13,Relatively Less Cones
145541198,74a4a6c2-88c6-454e-9a99-537016573b4f,jim1083,Jim Knettel,2023-01-01 00:15:40 UTC,2023-10-20 01:39:56 UTC,research,https://www.inaturalist.org/observations/145541198,,2,0,FALSE,"Central Tacoma, Tacoma, WA, USA",47.24868222,-122.4995744,7,7,western redcedar,Thuja plicata,western redcedar,20,0,10/18/23,Twrc14,Typical amount of Cones
145611367,761f27a0-5067-456c-9732-83d63c2bc52e,jim1083,Jim Knettel,2023-01-01 21:53:02 UTC,2023-10-18 20:59:56 UTC,research,https://www.inaturalist.org/observations/145611367,,1,0,FALSE,"Tacoma, WA 98406, USA",47.26925115,-122.5080381,8,8,western redcedar,Thuja plicata,western redcedar,25,0,10/11/23,Twrc15,Typical amount of Cones
145693283,3b8749f2-02fb-4dcc-8c47-619f646af799,jim1083,Jim Knettel,2023-01-02 20:50:54 UTC,2023-10-19 00:02:05 UTC,research,https://www.inaturalist.org/observations/145693283,,3,0,FALSE,"Central Tacoma, Tacoma, WA, USA",47.24497002,-122.4990968,8,8,western redcedar,Thuja plicata,western redcedar,5,0,10/18/23,Twrc16,Relatively Less Cones
145783378,46d6798a-95d1-4fd3-84cd-574e06d3314c,jim1083,Jim Knettel,2023-01-03 22:15:52 UTC,2023-10-18 21:00:05 UTC,research,https://www.inaturalist.org/observations/145783378,,3,0,FALSE,"26th St N & Puget Sound Ave, Tacoma, WA 98406, USA",47.27096936,-122.4835163,9,9,western redcedar,Thuja plicata,western redcedar,20,0,10/11/23,Twrc17,Relatively More Cones
145783881,54d62a62-d4fc-4966-b969-930c4adb1e86,jim1083,Jim Knettel,2023-01-03 22:21:50 UTC,2023-10-20 01:42:06 UTC,research,https://www.inaturalist.org/observations/145783881,,3,0,FALSE,"26th St N & Puget Sound Dr, Tacoma, WA 98407, USA",47.27151204,-122.48244,7,7,western redcedar,Thuja plicata,western redcedar,10,0,10/11/23,Twrc18,Relatively Less Cones
145784528,2659d8fb-5992-40d5-be68-742492824d60,jim1083,Jim Knettel,2023-01-03 22:31:52 UTC,2023-10-18 21:00:21 UTC,research,https://www.inaturalist.org/observations/145784528,,4,0,FALSE,"North End, Tacoma, WA, USA",47.27107395,-122.47549,8,8,western redcedar,Thuja plicata,western redcedar,15,0,10/11/23,Twrc19,Typical amount of Cones
145784706,fa9fb0e5-16f1-48da-9b04-2631835874cf,jim1083,Jim Knettel,2023-01-03 22:35:38 UTC,2023-10-18 21:00:33 UTC,research,https://www.inaturalist.org/observations/145784706,,4,0,FALSE,"Tacoma, WA 98406, USA",47.27075349,-122.4748585,4,4,western redcedar,Thuja plicata,western redcedar,10,0,10/11/23,Twrc20,Relatively More Cones
145991111,f422daf4-f349-4bd2-a134-ecf7095b44ff,jim1083,Jim Knettel,2023-01-06 21:50:45 UTC,2023-10-18 21:00:51 UTC,research,https://www.inaturalist.org/observations/145991111,,2,0,FALSE,"22, Tacoma, WA 98466, USA",47.24843031,-122.5239707,8,8,western redcedar,Thuja plicata,western redcedar,12,0,10/18/23,Twrc21,Relatively Less Cones
145992584,0eb56ffd-19c3-465b-83e4-983fc696984c,jim1083,Jim Knettel,2023-01-06 22:10:10 UTC,2023-10-18 21:01:10 UTC,research,https://www.inaturalist.org/observations/145992584,,3,0,FALSE,"12th St S & Vassault St S, Tacoma, WA 98466, USA",47.24978954,-122.5194731,5,5,western redcedar,Thuja plicata,western redcedar,10,0,10/18/23,Twrc22,Typical amount of Cones
146064369,f95668f1-99d1-4956-887d-3bd849454dd8,jim1083,Jim Knettel,2023-01-07 20:46:09 UTC,2023-10-21 20:50:16 UTC,research,https://www.inaturalist.org/observations/146064369,,2,0,FALSE,"McKinley / 50th, Tacoma, WA 98404, USA",47.21160332,-122.4210185,9,9,western redcedar,Thuja plicata,western redcedar,15,0,10/21/23,Twrc23,Relatively More Cones
146077783,71bd9a62-6c17-4249-8ed5-b1e98e8220c7,jim1083,Jim Knettel,2023-01-07 23:55:58 UTC,2023-10-21 20:50:23 UTC,research,https://www.inaturalist.org/observations/146077783,,2,0,FALSE,"McKinley Ave & E 48th St, Tacoma, WA 98404, USA",47.21400986,-122.4205696,3,3,western redcedar,Thuja plicata,western redcedar,5,0,10/21/23,Twrc24,Relatively Less Cones
146299340,669354ad-12c5-47a4-adaa-3a7653b2cf49,jim1083,Jim Knettel,2023-01-10 22:57:16 UTC,2023-10-19 00:06:36 UTC,research,https://www.inaturalist.org/observations/146299340,,2,0,FALSE,"Central Tacoma, Tacoma, WA, USA",47.24276721,-122.4931141,7,7,western redcedar,Thuja plicata,western redcedar,20,0,10/18/23,Twrc26,Typical amount of Cones
146299425,39006d99-8f8e-498d-ab22-6f730a5c3d8f,jim1083,Jim Knettel,2023-01-10 22:58:51 UTC,2023-10-19 00:09:08 UTC,research,https://www.inaturalist.org/observations/146299425,,2,0,FALSE,"Central Tacoma, Tacoma, WA, USA",47.24273799,-122.4930893,8,8,western redcedar,Thuja plicata,western redcedar,20,0,10/18/23,Twrc27,Typical amount of Cones
146299652,67b0ab8e-06ca-47b9-ab62-ab6642eeae54,jim1083,Jim Knettel,2023-01-10 23:04:05 UTC,2023-10-19 20:51:32 UTC,research,https://www.inaturalist.org/observations/146299652,,2,0,FALSE,"Central Tacoma, Tacoma, WA, USA",47.24250188,-122.4930434,4,4,western redcedar,Thuja plicata,western redcedar,15,0,10/18/23,Twrc28,Typical amount of Cones
146301888,c4aa4134-8fd6-484d-ab5f-65cdbdeeb717,jim1083,Jim Knettel,2023-01-10 23:46:23 UTC,2023-10-19 00:11:56 UTC,research,https://www.inaturalist.org/observations/146301888,,2,0,FALSE,"19th St S & S Stevens St, Tacoma, WA 98405, USA",47.24215983,-122.4937124,8,8,western redcedar,Thuja plicata,western redcedar,25,0,10/18/23,Twrc29,Relatively More Cones
146301970,b9239695-98d6-4650-86d4-ad22eb3f9081,jim1083,Jim Knettel,2023-01-10 23:48:12 UTC,2023-10-18 21:01:16 UTC,research,https://www.inaturalist.org/observations/146301970,,2,0,FALSE,"19th St S & S Stevens St, Tacoma, WA 98405, USA",47.24232827,-122.4939574,4,4,western redcedar,Thuja plicata,western redcedar,25,0,10/18/23,Twrc30,Relatively More Cones
146353822,3a7b5bfe-5840-4cd1-aeb3-ee45d28e60eb,jim1083,Jim Knettel,2023-01-11 19:50:51 UTC,2023-10-18 21:01:52 UTC,research,https://www.inaturalist.org/observations/146353822,H d m,2,0,FALSE,"Mildred St S & James Ctr Plaza, Tacoma, WA 98465, USA",47.24490547,-122.5266315,9,9,western redcedar,Thuja plicata,western redcedar,5,0,10/18/23,Twrc31,Relatively More Cones
146354059,fe7ac819-3cf9-4385-87ed-c01b5e69cf09,jim1083,Jim Knettel,2023-01-11 19:54:22 UTC,2023-10-18 21:02:00 UTC,research,https://www.inaturalist.org/observations/146354059,,3,0,FALSE,"Mildred St S & James Ctr Plaza, Tacoma, WA 98465, USA",47.24499574,-122.5266698,4,4,western redcedar,Thuja plicata,western redcedar,10,0,10/18/23,Twrc32,Relatively More Cones
146354864,20abcb0c-db94-48ba-9d68-5866c509faac,jim1083,Jim Knettel,2023-01-11 20:06:32 UTC,2023-10-18 21:02:35 UTC,research,https://www.inaturalist.org/observations/146354864,H 9 d,1,0,FALSE,"Healing Places Counseling Center, 1614 S. Mildred, Suite B, Tacoma, WA 98465, USA",47.24581016,-122.5261898,9,9,western redcedar,Thuja plicata,western redcedar,5,0,10/18/23,Twrc33,Relatively More Cones
146355514,8f951531-0133-4993-91c5-42eba085f74c,jim1083,Jim Knettel,2023-01-11 20:16:44 UTC,2023-10-18 21:02:55 UTC,research,https://www.inaturalist.org/observations/146355514,L d h,1,0,FALSE,"Mildred St S & S 12th St, Tacoma, WA 98465, USA",47.24943021,-122.5259979,8,8,western redcedar,Thuja plicata,western redcedar,1,0,10/18/23,Twrc34,Relatively More Cones
146356257,a9c7a493-d177-488e-a5e7-eecb218cb587,jim1083,Jim Knettel,2023-01-11 20:32:26 UTC,2023-10-18 23:45:32 UTC,research,https://www.inaturalist.org/observations/146356257,M h w,1,0,FALSE,"12th St S & Pearl St, Tacoma, WA 98406, USA",47.24976726,-122.5166254,6,6,western redcedar,Thuja plicata,western redcedar,5,0,10/18/23,Twrc35,Typical amount of Cones
146356562,ed54f17e-c127-4666-8f60-04b1bde1ac18,jim1083,Jim Knettel,2023-01-11 20:36:19 UTC,2023-10-18 23:47:07 UTC,research,https://www.inaturalist.org/observations/146356562,M w h,2,0,FALSE,"12th St S & Pearl St, Tacoma, WA 98406, USA",47.24977444,-122.516557,9,9,western redcedar,Thuja plicata,western redcedar,5,0,10/11/23,Twrc36,Typical amount of Cones
146356725,dc6ceb52-fbf3-492e-9ef7-d2d3ad450eae,jim1083,Jim Knettel,2023-01-11 20:39:48 UTC,2023-10-18 23:49:20 UTC,research,https://www.inaturalist.org/observations/146356725,M w h,2,0,FALSE,"Pierce County, US-WA, US",47.24982222,-122.5165631,7,7,western redcedar,Thuja plicata,western redcedar,8,0,10/18/23,Twrc37,Typical amount of Cones
146356826,15bcb7f2-2e61-4e96-936f-2732eaf5900e,jim1083,Jim Knettel,2023-01-11 20:41:48 UTC,2023-10-18 23:50:55 UTC,research,https://www.inaturalist.org/observations/146356826,M w h,2,0,FALSE,"12th St S & Pearl St, Tacoma, WA 98466, USA",47.24973127,-122.516369,8,8,western redcedar,Thuja plicata,western redcedar,5,0,10/18/23,Twrc38,Typical amount of Cones
146360770,3b2f84f8-8b10-4876-af4d-6862ea08c9ec,jim1083,Jim Knettel,2023-01-11 21:47:41 UTC,2023-10-14 02:49:50 UTC,research,https://www.inaturalist.org/observations/146360770,H l d,1,0,FALSE,"Pierce County, US-WA, US",47.24495835,-122.4856733,11,11,western redcedar,Thuja plicata,western redcedar,15,0,10/13/23,Twrc39,Relatively More Cones
146489443,9a0b54fc-3b68-4eb3-81cc-3ce7c23cb74b,jim1083,Jim Knettel,2023-01-13 21:47:15 UTC,2023-10-20 03:28:22 UTC,research,https://www.inaturalist.org/observations/146489443,L h d,2,0,FALSE,"Tacoma, WA 98406, USA",47.2475075,-122.5519019,9,9,western redcedar,Thuja plicata,western redcedar,1,0,10/19/23,Twrc40,Relatively Less Cones
146489870,9b847e88-125d-4906-8647-dae70ed5f222,jim1083,Jim Knettel,2023-01-13 21:54:41 UTC,2023-10-20 00:19:07 UTC,research,https://www.inaturalist.org/observations/146489870,Mhd,2,0,FALSE,"Pierce County, US-WA, US",47.2463542,-122.5523494,103,103,western redcedar,Thuja plicata,western redcedar,5,0,10/19/23,Twrc41,Relatively Less Cones
146490095,ec391730-914c-4152-8e6b-f521c3bfda17,jim1083,Jim Knettel,2023-01-13 21:58:07 UTC,2023-10-20 03:28:27 UTC,research,https://www.inaturalist.org/observations/146490095,Mhd,2,0,FALSE,"Tacoma, WA 98465, USA",47.24754101,-122.5520315,7,7,western redcedar,Thuja plicata,western redcedar,10,0,10/19/23,Twrc42,Relatively Less Cones
146491734,cb95db75-7d65-45f2-8642-f2eb7b329fb6,jim1083,Jim Knettel,2023-01-13 22:26:59 UTC,2023-10-20 03:28:34 UTC,research,https://www.inaturalist.org/observations/146491734,,2,0,FALSE,"Pierce County, US-WA, US",47.2485998,-122.5490474,67,67,western redcedar,Thuja plicata,western redcedar,10,0,10/19/23,Twrc43,Relatively Less Cones
146492795,a4acd626-39e0-44c9-9750-0f6ce529a5a6,jim1083,Jim Knettel,2023-01-13 22:50:05 UTC,2023-10-20 03:28:41 UTC,research,https://www.inaturalist.org/observations/146492795,,3,1,FALSE,"Tacoma, WA 98406, USA",47.24835069,-122.5498874,9,9,western redcedar,Thuja plicata,western redcedar,10,0,10/19/23,Twrc44,Relatively Less Cones
146560499,f9630eff-cd7b-4e42-8697-bc9493fc9e7f,jim1083,Jim Knettel,2023-01-14 21:41:18 UTC,2023-10-18 23:54:01 UTC,research,https://www.inaturalist.org/observations/146560499,H L D,1,0,FALSE,"12th St S & Villard St, Tacoma, WA 98465, USA",47.25042093,-122.5069265,3,3,western redcedar,Thuja plicata,western redcedar,7,0,10/18/23,Twrc45,Typical amount of Cones
146560743,d1804a48-cb7e-4809-b4a1-5882da3dcac7,jim1083,Jim Knettel,2023-01-14 21:44:02 UTC,2023-10-18 23:55:39 UTC,research,https://www.inaturalist.org/observations/146560743,HL D T,2,0,FALSE,"12th St S & Villard St, Tacoma, WA 98465, USA",47.25044739,-122.5069254,3,3,western redcedar,Thuja plicata,western redcedar,10,0,10/18/23,Twrc46,Typical amount of Cones
146565825,7cf8e5bc-b60c-4722-b73a-6ef0cb584695,jim1083,Jim Knettel,2023-01-14 22:54:58 UTC,2023-10-20 03:28:53 UTC,research,https://www.inaturalist.org/observations/146565825,Health bottom of slope ivy L,1,0,FALSE,"Central Tacoma, Tacoma, WA, USA",47.24051276,-122.4939416,3,3,western redcedar,Thuja plicata,western redcedar,5,0,10/19/23,Twrc47,Relatively Less Cones
146782370,57b7886d-0c2f-45ae-8a10-20550c3f3097,jim1083,Jim Knettel,2023-01-17 21:12:43 UTC,2023-10-20 03:29:00 UTC,research,https://www.inaturalist.org/observations/146782370,D L h,1,0,FALSE,"Tacoma, WA 98406, USA",47.25849728,-122.5053119,7,7,western redcedar,Thuja plicata,western redcedar,10,0,10/19/23,Twrc48,Typical amount of Cones
146783202,38bedbde-e6cb-4295-8204-6f612d883ac9,jim1083,Jim Knettel,2023-01-17 21:23:41 UTC,2023-10-20 03:29:07 UTC,research,https://www.inaturalist.org/observations/146783202,D h l,1,0,FALSE,"Pierce County, US-WA, US",47.25645254,-122.5055894,8,8,western redcedar,Thuja plicata,western redcedar,5,0,10/19/23,Twrc49,Typical amount of Cones
146784815,82cf45bf-3cad-4cd2-895f-6e0144b34e16,jim1083,Jim Knettel,2023-01-17 21:51:22 UTC,2023-10-20 20:15:30 UTC,casual,https://www.inaturalist.org/observations/146784815,Vlh d topped ,1,0,TRUE,"12th St S & Stevens St, Tacoma, WA 98405, USA",47.24984186,-122.4950266,4,4,western redcedar,Thuja plicata,western redcedar,15,0,10/20/23,Twrc50,Typical amount of Cones
146785383,ed430534-d3e1-4039-adc8-46143ea6361a,jim1083,Jim Knettel,2023-01-17 22:01:13 UTC,2023-10-20 20:15:37 UTC,research,https://www.inaturalist.org/observations/146785383,Hvldf,1,0,FALSE,"Central Tacoma, Tacoma, WA, USA",47.24913224,-122.4916755,8,8,western redcedar,Thuja plicata,western redcedar,10,0,10/20/23,Twrc51,Relatively More Cones
146785571,5a8112ad-e898-4ed6-9e72-b06bbbd23a72,jim1083,Jim Knettel,2023-01-17 22:03:52 UTC,2023-10-20 20:15:45 UTC,research,https://www.inaturalist.org/observations/146785571,Vlhdf,1,0,FALSE,"Central Tacoma, Tacoma, WA, USA",47.24908809,-122.4916243,5,5,western redcedar,Thuja plicata,western redcedar,15,0,10/20/23,Twrc52,Relatively More Cones
146785647,7bbbc404-86d9-40f4-b4c4-b4ecabd42406,jim1083,Jim Knettel,2023-01-17 22:05:45 UTC,2023-10-20 20:15:53 UTC,research,https://www.inaturalist.org/observations/146785647,L d missing top h,1,0,FALSE,"Central Tacoma, Tacoma, WA, USA",47.24911478,-122.4913411,8,8,western redcedar,Thuja plicata,western redcedar,20,0,10/20/23,Twrc53,Relatively More Cones
146786460,2ba4713a-4ff1-4365-924a-11b89c6ede4a,jim1083,Jim Knettel,2023-01-17 22:21:36 UTC,2023-10-20 20:16:06 UTC,research,https://www.inaturalist.org/observations/146786460,Vl h d f,1,0,FALSE,"Central Tacoma, Tacoma, WA, USA",47.24738772,-122.4825657,5,5,western redcedar,Thuja plicata,western redcedar,25,0,10/20/23,Twrc54,Relatively More Cones
146787527,fbfa91d0-5b56-42d0-a427-4225bd399e08,jim1083,Jim Knettel,2023-01-17 22:41:43 UTC,2023-10-19 00:18:17 UTC,research,https://www.inaturalist.org/observations/146787527,Hdvlf,1,0,FALSE,"Central Tacoma, Tacoma, WA, USA",47.24519901,-122.4750883,6,6,western redcedar,Thuja plicata,western redcedar,20,0,10/18/23,Twrc55,Relatively More Cones
146787642,9595b587-94c3-4ef6-a569-a8a382244e30,jim1083,Jim Knettel,2023-01-17 22:43:02 UTC,2023-10-19 00:19:38 UTC,research,https://www.inaturalist.org/observations/146787642,Midslope vl h d,1,0,FALSE,"Central Tacoma, Tacoma, WA, USA",47.24521983,-122.4745311,4,4,western redcedar,Thuja plicata,western redcedar,5,0,10/18/23,Twrc56,Typical amount of Cones
146984766,7b459de0-b117-4fba-854c-e56b79478b28,jim1083,Jim Knettel,2023-01-20 22:19:13 UTC,2023-10-18 21:03:10 UTC,casual,https://www.inaturalist.org/observations/146984766,H m top,1,0,TRUE,"Tacoma, WA 98403, USA",47.26812539,-122.4656638,4,4,western redcedar,Thuja plicata,western redcedar,10,0,10/11/23,Twrc57,Typical amount of Cones
147142637,9fed2617-2ba5-4255-b969-1a3c9cb2abcc,jim1083,Jim Knettel,2023-01-22 21:40:40 UTC,2023-10-10 21:21:08 UTC,research,https://www.inaturalist.org/observations/147142637,L f h,2,0,FALSE,"Tacoma, WA 98406, USA",47.26665989,-122.5125636,6,6,western redcedar,Thuja plicata,western redcedar,40,0,10/10/23,Twrc58,Relatively More Cones
147143210,89dbfae9-1e30-4ec2-bfb0-a7c34a961b3c,jim1083,Jim Knettel,2023-01-22 21:47:45 UTC,2023-10-10 21:18:26 UTC,casual,https://www.inaturalist.org/observations/147143210,,1,0,TRUE,"Tacoma, WA 98406, USA",47.26396365,-122.5126116,4,4,western redcedar,Thuja plicata,western redcedar,10,0,10/10/23,Twrc59,Relatively Less Cones
147146636,81f0f842-7953-4be2-90aa-ec500a9bdcdd,jim1083,Jim Knettel,2023-01-22 22:25:22 UTC,2023-10-18 21:03:43 UTC,research,https://www.inaturalist.org/observations/147146636,Vl d h,1,0,FALSE,"Tacoma, WA 98406, USA",47.26292188,-122.484866,8,8,western redcedar,Thuja plicata,western redcedar,20,0,10/11/23,Twrc60,Relatively More Cones
147148151,060528a4-4f0e-4b5e-9378-c5bf8883fec3,jim1083,Jim Knettel,2023-01-22 22:46:38 UTC,2023-10-10 21:31:14 UTC,research,https://www.inaturalist.org/observations/147148151,Topped l f d h,1,0,FALSE,"Tacoma, WA 98406, USA",47.26162312,-122.4740066,9,9,western redcedar,Thuja plicata,western redcedar,10,0,10/10/23,Twrc61,Typical amount of Cones
147289110,c5d3f207-5626-4422-9f33-68288a2a919d,jim1083,Jim Knettel,2023-01-24 21:42:02 UTC,2023-10-20 20:16:19 UTC,research,https://www.inaturalist.org/observations/147289110,T l h d,1,0,FALSE,"Tacoma, WA 98407, USA",47.27416656,-122.5090104,9,9,western redcedar,Thuja plicata,western redcedar,20,0,10/20/23,Twrc62,Relatively More Cones
150003326,c2370ac6-cc34-4d17-a94b-9b1f65cdf2f7,jim1083,Jim Knettel,2023-03-01 20:29:50 UTC,2023-10-20 20:16:32 UTC,research,https://www.inaturalist.org/observations/150003326,H m d,1,0,FALSE,"Central Tacoma, Tacoma, WA, USA",47.25097033,-122.4959557,7,7,western redcedar,Thuja plicata,western redcedar,10,0,10/20/23,Twrc63,Typical amount of Cones
150004072,8faf2325-0a07-4e6b-a31c-3b0a26f1fe3a,jim1083,Jim Knettel,2023-03-01 20:40:35 UTC,2023-10-20 23:03:18 UTC,research,https://www.inaturalist.org/observations/150004072,L d h,1,0,FALSE,"Central Tacoma, Tacoma, WA, USA",47.25079501,-122.4878194,7,7,western redcedar,Thuja plicata,western redcedar,10,0,10/20/23,Twrc64,Relatively More Cones
150004319,f471c936-6748-4299-b57b-64840f103c68,jim1083,Jim Knettel,2023-03-01 20:42:59 UTC,2023-10-20 20:16:58 UTC,research,https://www.inaturalist.org/observations/150004319,H d l,1,0,FALSE,"Central Tacoma, Tacoma, WA, USA",47.25082045,-122.4877606,5,5,western redcedar,Thuja plicata,western redcedar,15,0,10/20/23,Twrc65,Relatively More Cones
150148863,b985f0db-2f63-4341-bc85-fc2a30a7180f,jim1083,Jim Knettel,2023-03-03 19:44:35 UTC,2023-10-24 01:00:28 UTC,research,https://www.inaturalist.org/observations/150148863,L mid d h,1,0,FALSE,"Eastside, Tacoma, WA, USA",47.19196372,-122.4257543,12,12,western redcedar,Thuja plicata,western redcedar,25,0,10/23/23,Twrc66,Relatively More Cones
150150893,5be0fe90-5244-4fb4-9ffa-d8fd99d7f8f5,jim1083,Jim Knettel,2023-03-03 20:11:46 UTC,2023-10-24 00:57:20 UTC,research,https://www.inaturalist.org/observations/150150893,Mid l h d h,1,0,FALSE,"72nd St S & Tacoma Ave, Tacoma, WA 98408, USA",47.19276717,-122.4391799,9,9,western redcedar,Thuja plicata,western redcedar,15,0,10/23/23,Twrc67,Relatively Less Cones
150152339,70c921c3-5ec6-49db-a2a5-6690e44c22b3,jim1083,Jim Knettel,2023-03-03 20:31:13 UTC,2023-10-24 01:40:25 UTC,research,https://www.inaturalist.org/observations/150152339,D m top h ,1,0,FALSE,"Tacoma, WA 98408, USA",47.20269226,-122.4396833,4,4,western redcedar,Thuja plicata,western redcedar,5,0,10/23/23,Twrc68,Relatively More Cones
150152828,36cf7f78-30a5-45bb-89cd-7745a339907d,jim1083,Jim Knettel,2023-03-03 20:37:26 UTC,2023-10-24 01:10:08 UTC,research,https://www.inaturalist.org/observations/150152828,F d vl h ,1,0,FALSE,"Tacoma, WA 98408, USA",47.20457321,-122.4398756,12,12,western redcedar,Thuja plicata,western redcedar,5,0,10/23/23,Twrc69,Relatively More Cones
150153819,56285d58-b2bb-45da-9c61-22beb2a7b452,jim1083,Jim Knettel,2023-03-03 20:50:06 UTC,2023-10-24 01:14:38 UTC,research,https://www.inaturalist.org/observations/150153819,F d h l ,1,0,FALSE,"Tacoma, WA 98408, USA",47.20869083,-122.4397098,9,9,western redcedar,Thuja plicata,western redcedar,20,0,10/23/23,Twrc70,Relatively More Cones
150155424,0e05b161-c8f2-4a80-b803-7d89019b7f27,jim1083,Jim Knettel,2023-03-03 21:10:52 UTC,2023-10-24 01:24:36 UTC,research,https://www.inaturalist.org/observations/150155424,D l f h ,1,0,FALSE,"Tacoma, WA 98418, USA",47.2199298,-122.4407353,9,9,western redcedar,Thuja plicata,western redcedar,25,0,10/23/23,Twrc71,Relatively Less Cones
150155514,bd8147f3-ad69-48ed-9c11-55b537a4bac4,jim1083,Jim Knettel,2023-03-03 21:12:17 UTC,2023-10-24 01:23:18 UTC,research,https://www.inaturalist.org/observations/150155514,D f l h,1,0,FALSE,"Tacoma, WA 98418, USA",47.21999637,-122.4407818,9,9,western redcedar,Thuja plicata,western redcedar,20,0,10/23/23,Twrc72,Relatively More Cones
150156263,006f8c0c-95ac-486d-94d6-601c914c73f0,jim1083,Jim Knettel,2023-03-03 21:19:52 UTC,2023-10-24 01:26:41 UTC,research,https://www.inaturalist.org/observations/150156263,Mnl f d h,1,0,FALSE,"38th St S & G St, Tacoma, WA 98418, USA",47.22297952,-122.4415473,8,8,western redcedar,Thuja plicata,western redcedar,25,0,10/23/23,Twrc73,Relatively More Cones
150437810,1fcee99d-e2f7-48ff-b4fc-d3f9a01d546a,jim1083,Jim Knettel,2023-03-06 21:15:40 UTC,2023-10-24 01:12:14 UTC,research,https://www.inaturalist.org/observations/150437810,L d f  h,1,0,FALSE,"Tacoma, WA 98408, USA",47.20505509,-122.4384049,19,19,western redcedar,Thuja plicata,western redcedar,25,0,10/23/23,Twrc74,Relatively More Cones
150439099,fc69f306-eb6f-40e4-8908-4e55e35d3173,jim1083,Jim Knettel,2023-03-06 21:33:07 UTC,2023-10-24 01:16:11 UTC,research,https://www.inaturalist.org/observations/150439099,Too d m h f,1,0,FALSE,"Tacoma, WA 98408, USA",47.21123611,-122.4379444,,,western redcedar,Thuja plicata,western redcedar,30,0,10/23/23,Twrc75,
150439305,79ba2514-c65e-42dd-aaeb-0328647855b5,jim1083,Jim Knettel,2023-03-06 21:35:57 UTC,2023-10-24 01:17:50 UTC,research,https://www.inaturalist.org/observations/150439305,T vl  h d f too,1,0,FALSE,"Tacoma, WA 98408, USA",47.21469289,-122.4389036,9,9,western redcedar,Thuja plicata,western redcedar,15,0,10/23/23,Twrc76,Relatively More Cones
150440108,8ffb8abd-e279-4173-93db-de390f2ed640,jim1083,Jim Knettel,2023-03-06 21:47:09 UTC,2023-10-24 23:24:55 UTC,research,https://www.inaturalist.org/observations/150440108,Vl f d h ,1,0,FALSE,"Tacoma, WA 98418, USA",47.22003915,-122.439247,8,8,western redcedar,Thuja plicata,western redcedar,15,0,10/24/23,Twrc77,Relatively More Cones
150524036,d36693d9-e21c-4f64-aff7-7b3b3c8c4965,jmhulbert,Joey H,2023-03-07 22:16:36 UTC,2023-10-20 01:45:14 UTC,casual,https://www.inaturalist.org/observations/150524036,,1,0,TRUE,"University of Puget Sound, Tacoma, WA, US",47.26340819,-122.4838422,4,4,western redcedar,Thuja plicata,western redcedar,5,0,10/10/23,Twrc78,
150528471,8d3b6168-34f3-41b0-b858-70139d0560f9,leaves4lyfe,,2023-03-07 23:22:27 UTC,2023-10-20 01:46:26 UTC,research,https://www.inaturalist.org/observations/150528471,,1,0,FALSE,"N 24th St, Tacoma, WA, US",47.26910833,-122.4727262,4,4,western redcedar,Thuja plicata,western redcedar,1,0,10/11/23,Twrc79,Not Sure
150531446,d99c0179-919b-4d18-8f72-a9d8317ced65,emode2902,,2023-03-08 00:06:07 UTC,2023-10-12 00:02:05 UTC,casual,https://www.inaturalist.org/observations/150531446,,2,0,TRUE,"N 8th St, Tacoma, WA, US",47.257125,-122.46788,16,16,western redcedar,Thuja plicata,western redcedar,15,0,10/11/23,Twrc80,Typical amount of Cones
150531581,3713823a-f2f0-4ec2-9792-097898d4047e,xx_tree_spotter_xx,John Staver,2023-03-08 00:08:31 UTC,2024-09-15 13:16:33 UTC,casual,https://www.inaturalist.org/observations/150531581,,1,0,TRUE,"N 4th St, Tacoma, WA, US",47.26019667,-122.4566333,4,4,western redcedar,Thuja plicata,western redcedar,10,0,10/11/23,Twrc81,Not Sure
150533949,0c78c113-fc0e-4251-9c63-3996f5472f03,xx_tree_spotter_xx,John Staver,2023-03-08 00:45:11 UTC,2024-09-15 13:16:33 UTC,research,https://www.inaturalist.org/observations/150533949,,1,0,FALSE,"N M St, Tacoma, WA, US",47.259845,-122.4586633,14,14,western redcedar,Thuja plicata,western redcedar,5,0,10/10/23,Twrc82,Relatively Less Cones
150534212,f7fd34b3-61f2-45ef-90ed-f87e9ddf28ff,xx_tree_spotter_xx,John Staver,2023-03-08 00:48:36 UTC,2024-09-15 13:16:33 UTC,casual,https://www.inaturalist.org/observations/150534212,,2,0,TRUE,"N L St, Tacoma, WA, US",47.26088,-122.4583133,35,35,western redcedar,Thuja plicata,western redcedar,10,0,10/10/23,Twrc83,Typical amount of Cones
150534907,6a6fbe5d-720a-48a0-80b7-a2627bddaab1,xx_tree_spotter_xx,John Staver,2023-03-08 00:57:24 UTC,2024-09-15 13:16:33 UTC,casual,https://www.inaturalist.org/observations/150534907,,1,0,TRUE,"N Ainsworth Ave, Tacoma, WA, US",47.25987167,-122.46765,10,10,western redcedar,Thuja plicata,western redcedar,15,0,10/11/23,Twrc84,Typical amount of Cones
150535234,eacc19fa-b725-4eb7-b462-b3f2fad62c8a,xx_tree_spotter_xx,John Staver,2023-03-08 01:01:41 UTC,2024-09-15 13:16:33 UTC,casual,https://www.inaturalist.org/observations/150535234,,2,0,TRUE,"N 9th St, Tacoma, WA, US",47.25886167,-122.4661717,8,8,western redcedar,Thuja plicata,western redcedar,25,0,10/11/23,Twrc85,Relatively More Cones
150678701,c038f34f-dc08-42be-943b-45880bde3a75,jim1083,Jim Knettel,2023-03-09 20:15:36 UTC,2023-10-24 00:59:14 UTC,casual,https://www.inaturalist.org/observations/150678701,,0,0,TRUE,"South End, Tacoma, WA, USA",47.19143811,-122.4247279,6,6,western redcedar,Thuja plicata,western redcedar,10,0,10/23/23,Twrc86,Relatively More Cones
151147793,997b7dbb-3df4-45e9-b0bf-3c1f00e70c40,jim1083,Jim Knettel,2023-03-14 19:38:06 UTC,2023-10-21 20:50:31 UTC,casual,https://www.inaturalist.org/observations/151147793,H f d l,0,0,TRUE,"Eastside, Tacoma, WA, USA",47.19526729,-122.4244641,9,9,western redcedar,Thuja plicata,western redcedar,15,0,10/21/23,Twrc87,Relatively Less Cones
151147953,46a74e7f-f961-49c0-9f98-e0749804f8a5,jim1083,Jim Knettel,2023-03-14 19:40:20 UTC,2023-10-25 16:35:15 UTC,casual,https://www.inaturalist.org/observations/151147953,H f l d trimmed for power lines ,0,0,TRUE,"Eastside, Tacoma, WA, USA",47.19528751,-122.4243615,3,3,western redcedar,Thuja plicata,western redcedar,15,0,10/21/23,Twrc88,Typical amount of Cones
151151105,abb6b56b-a8be-4fd9-ba1a-68a2c1ba7e0a,jim1083,Jim Knettel,2023-03-14 20:16:58 UTC,2023-10-25 16:35:18 UTC,research,https://www.inaturalist.org/observations/151151105,F h d vl,1,0,FALSE,"Eastside, Tacoma, WA, USA",47.21165688,-122.4302083,7,7,western redcedar,Thuja plicata,western redcedar,10,0,10/24/23,Twrc89,Relatively More Cones
151417214,21fafdfb-f2cd-47df-b0d4-4d959621fb9a,jim1083,Jim Knettel,2023-03-17 20:10:55 UTC,2023-10-25 16:35:26 UTC,casual,https://www.inaturalist.org/observations/151417214,F h l w,0,0,TRUE,"Tacoma, WA 98408, USA",47.19764998,-122.4417168,7,7,western redcedar,Thuja plicata,western redcedar,10,0,10/19/23,Twrc90,Typical amount of Cones
151417357,49d80ac2-0419-4a32-9d69-5fbb47f2d912,jim1083,Jim Knettel,2023-03-17 20:13:03 UTC,2023-10-19 20:52:55 UTC,casual,https://www.inaturalist.org/observations/151417357,F w h l,1,0,TRUE,"Tacoma, WA 98408, USA",47.19761678,-122.4416911,4,4,western redcedar,Thuja plicata,western redcedar,15,0,10/19/23,Twrc91,No Selection
151418507,5571738c-8773-4432-8f09-0edbb84539de,jim1083,Jim Knettel,2023-03-17 20:23:59 UTC,2023-10-24 00:50:56 UTC,casual,https://www.inaturalist.org/observations/151418507,D f l h,1,0,TRUE,"Tacoma, WA 98408, USA",47.20188876,-122.441336,13,13,western redcedar,Thuja plicata,western redcedar,20,0,10/23/23,Twrc92,Typical amount of Cones
151419198,cb4a7706-8482-46d3-9d96-b013ebd223f8,jim1083,Jim Knettel,2023-03-17 20:33:25 UTC,2023-10-24 00:47:37 UTC,casual,https://www.inaturalist.org/observations/151419198,D h f l,1,0,TRUE,"Tacoma, WA 98408, USA",47.20535275,-122.4423052,5,5,western redcedar,Thuja plicata,western redcedar,15,0,10/23/23,Twrc93,Relatively More Cones
151644600,a592d1a3-404d-4303-abe5-9449867b8dbc,jim1083,Jim Knettel,2023-03-19 19:40:11 UTC,2023-10-23 02:10:58 UTC,research,https://www.inaturalist.org/observations/151644600,F h d m regrow from stump,1,0,FALSE,"Eastside, Tacoma, WA, USA",47.19238259,-122.4154397,6,6,western redcedar,Thuja plicata,western redcedar,10,0,10/22/23,Twrc94,Typical amount of Cones
151644904,dc0d29bb-2c8d-4221-b655-d8198f3f59cd,jim1083,Jim Knettel,2023-03-19 19:42:01 UTC,2023-10-23 02:15:07 UTC,research,https://www.inaturalist.org/observations/151644904,,1,0,FALSE,"72nd / Golden Given, Eastside, WA 98404, USA",47.19230396,-122.4150513,5,5,western redcedar,Thuja plicata,western redcedar,15,0,10/22/23,Twrc95,Relatively More Cones
151650727,afc57b7c-e76a-42ed-9fbd-a1a860a88102,jim1083,Jim Knettel,2023-03-19 20:27:57 UTC,2023-10-21 20:50:46 UTC,casual,https://www.inaturalist.org/observations/151650727,F d h l,0,0,TRUE,"Eastside, Tacoma, WA, USA",47.21175309,-122.4178456,10,10,western redcedar,Thuja plicata,western redcedar,5,0,10/21/23,Twrc97,Typical amount of Cones
151652276,46a7f25c-de52-4371-b414-acc90c93ea33,jim1083,Jim Knettel,2023-03-19 20:41:47 UTC,2023-10-21 20:50:53 UTC,research,https://www.inaturalist.org/observations/151652276,F d m h,1,0,FALSE,"McKinley Ave & E 46th St, Tacoma, WA 98404, USA",47.215475,-122.4220257,9,9,western redcedar,Thuja plicata,western redcedar,15,0,10/21/23,Twrc98,Typical amount of Cones
151960783,c6902d64-0d74-4c03-8c07-b7cb3bf8c4f2,jim1083,Jim Knettel,2023-03-22 20:40:16 UTC,2023-10-24 23:26:34 UTC,casual,https://www.inaturalist.org/observations/151960783,Lfdh trimmed for power ,0,0,TRUE,"Tacoma, WA 98408, USA",47.20480349,-122.4327424,7,7,western redcedar,Thuja plicata,western redcedar,5,0,10/24/23,Twrc99,Relatively More Cones
151961576,3eeeb3e4-0531-4c59-bf17-c36c3f1f28b5,jim1083,Jim Knettel,2023-03-22 20:48:18 UTC,2023-10-24 23:28:23 UTC,casual,https://www.inaturalist.org/observations/151961576,D l  top trim,0,0,TRUE,"Tacoma, WA 98408, USA",47.2076647,-122.4327831,15,15,western redcedar,Thuja plicata,western redcedar,10,0,10/24/23,Twrc100,Relatively More Cones
152285812,6e5d9b9d-e103-4783-a37c-770d87368a73,jim1083,Jim Knettel,2023-03-25 20:16:23 UTC,2023-10-24 01:02:33 UTC,research,https://www.inaturalist.org/observations/152285812,Vl f d h,1,0,FALSE,"Eastside, Tacoma, WA, USA",47.19574369,-122.4308934,7,7,western redcedar,Thuja plicata,western redcedar,15,0,10/23/23,Twrc101,Relatively More Cones
152288065,8ebff786-5657-4412-86d8-e0ef05adcf03,jim1083,Jim Knettel,2023-03-25 20:34:52 UTC,2023-10-24 00:54:37 UTC,casual,https://www.inaturalist.org/observations/152288065,F vl h d,0,0,TRUE,"Yakima / 68th, Tacoma, WA 98408, USA",47.19614391,-122.4425593,4,4,western redcedar,Thuja plicata,western redcedar,252,0,10/23/23,Twrc102,Relatively Less Cones
152288775,b52388f7-b4f2-479d-9d56-f18dbbffcfcc,jim1083,Jim Knettel,2023-03-25 20:41:34 UTC,2023-10-24 00:53:03 UTC,casual,https://www.inaturalist.org/observations/152288775,Vl h  f d,0,0,TRUE,"Yakima / 68th, Tacoma, WA 98408, USA",47.1962003,-122.442456,9,9,western redcedar,Thuja plicata,western redcedar,20,0,10/23/23,Twrc103,Relatively More Cones
152290677,361ada20-f106-4f57-a441-518b372ad8e7,jim1083,Jim Knettel,2023-03-25 20:58:01 UTC,2023-10-24 00:49:28 UTC,casual,https://www.inaturalist.org/observations/152290677,L f d pruned for power ,0,0,TRUE,"Tacoma, WA 98408, USA",47.2047078,-122.4425594,7,7,western redcedar,Thuja plicata,western redcedar,10,0,10/23/23,Twrc104,Relatively More Cones
152293387,62f3be3c-c91a-43aa-86fc-459aeeb3b742,jim1083,Jim Knettel,2023-03-25 21:22:24 UTC,2023-10-24 00:44:26 UTC,casual,https://www.inaturalist.org/observations/152293387,H f vl d,0,0,TRUE,"Tacoma, WA 98418, USA",47.21957545,-122.4427421,7,7,western redcedar,Thuja plicata,western redcedar,2,0,10/23/23,Twrc105,Relatively More Cones
152402748,915ce8c6-f5e3-4949-8499-74c8891311dd,jim1083,Jim Knettel,2023-03-26 18:38:51 UTC,2023-10-24 00:23:18 UTC,casual,https://www.inaturalist.org/observations/152402748,L f d h,1,0,TRUE,"Thompson / 35th, Tacoma, WA 98418, USA",47.22797621,-122.4433424,9,9,western redcedar,Thuja plicata,western redcedar,15,0,10/23/23,Twrc106,Relatively More Cones
152403714,b8558699-31da-4c81-b144-966732886d7e,jim1083,Jim Knettel,2023-03-26 18:46:41 UTC,2023-10-24 00:25:00 UTC,casual,https://www.inaturalist.org/observations/152403714,Fvlh d,1,0,TRUE,"Thompson / 35th, Tacoma, WA 98418, USA",47.22753028,-122.4439208,1,1,western redcedar,Thuja plicata,western redcedar,25,0,10/23/23,Twrc107,Relatively More Cones
152405067,748519dd-b407-4a73-9554-74e38623342d,jim1083,Jim Knettel,2023-03-26 18:56:39 UTC,2023-10-24 00:27:06 UTC,casual,https://www.inaturalist.org/observations/152405067,,1,0,TRUE,"Tacoma, WA 98418, USA",47.22646553,-122.4438509,7,7,western redcedar,Thuja plicata,western redcedar,10,0,10/23/23,Twrc108,Relatively Less Cones
152405443,171a9f9e-180d-42bc-a142-d4bf7a20fa89,jim1083,Jim Knettel,2023-03-26 18:58:48 UTC,2023-10-24 00:31:19 UTC,casual,https://www.inaturalist.org/observations/152405443,L f d,2,0,TRUE,"Tacoma, WA 98418, USA",47.2265396,-122.4445018,9,9,western redcedar,Thuja plicata,western redcedar,20,0,10/23/23,Twrc109,Relatively More Cones
152406095,fcd2de30-51c0-4595-87be-be082878f9f7,jim1083,Jim Knettel,2023-03-26 19:02:46 UTC,2023-10-24 00:29:01 UTC,casual,https://www.inaturalist.org/observations/152406095,M too d ,1,0,TRUE,"Tacoma, WA 98418, USA",47.22638601,-122.4437067,9,9,western redcedar,Thuja plicata,western redcedar,10,0,10/23/23,Twrc110,Relatively Less Cones
152406376,77a221a6-9246-4e9b-9385-703a948df61a,jim1083,Jim Knettel,2023-03-26 19:05:01 UTC,2023-10-24 00:33:41 UTC,casual,https://www.inaturalist.org/observations/152406376,Top d l,1,0,TRUE,"Tacoma, WA 98418, USA",47.22616776,-122.4436991,7,7,western redcedar,Thuja plicata,western redcedar,10,0,10/23/23,Twrc111,Relatively More Cones
152407722,ab360018-2ff3-45a5-944f-b1e3e1c3fe21,jim1083,Jim Knettel,2023-03-26 19:16:17 UTC,2023-10-24 23:30:18 UTC,casual,https://www.inaturalist.org/observations/152407722,L h top slope ,1,0,TRUE,"Thompson / 37th, Tacoma, WA 98418, USA",47.2255739,-122.444789,29,29,western redcedar,Thuja plicata,western redcedar,10,0,10/24/23,Twrc112,Relatively More Cones
152411151,da76a7ea-0f42-4fa4-85ac-a3dc7b3f8dc9,jim1083,Jim Knettel,2023-03-26 19:44:38 UTC,2023-10-24 01:29:46 UTC,casual,https://www.inaturalist.org/observations/152411151,Mid vl d,1,0,TRUE,"Tacoma, WA 98418, USA",47.2255271,-122.440608,21,21,western redcedar,Thuja plicata,western redcedar,15,0,10/23/23,Twrc113,Relatively Less Cones
152411568,e84f1853-dfc6-4994-afc7-454306ee10cf,jim1083,Jim Knettel,2023-03-26 19:47:49 UTC,2023-10-24 01:28:07 UTC,casual,https://www.inaturalist.org/observations/152411568,Vl f d h,1,0,TRUE,"Tacoma, WA 98418, USA",47.22552983,-122.4410556,9,9,western redcedar,Thuja plicata,western redcedar,20,0,10/23/23,Twrc114,Relatively More Cones
152412356,8cd06dcb-9a49-4e61-8cb9-f75998651a39,jim1083,Jim Knettel,2023-03-26 19:54:51 UTC,2023-10-24 00:41:15 UTC,research,https://www.inaturalist.org/observations/152412356,Top of slopel l ,2,0,FALSE,"Tacoma, WA 98418, USA",47.22477933,-122.4427215,4,4,western redcedar,Thuja plicata,western redcedar,30,0,10/23/23,Twrc115,Typical amount of Cones
152412648,0fbd914c-7be7-4687-b31f-92b7a5a581b3,jim1083,Jim Knettel,2023-03-26 19:57:43 UTC,2023-10-24 00:38:44 UTC,casual,https://www.inaturalist.org/observations/152412648,M midslope h,1,0,TRUE,"Tacoma, WA 98418, USA",47.22495527,-122.4428915,9,9,western redcedar,Thuja plicata,western redcedar,25,0,10/23/23,Twrc116,Relatively Less Cones
152413739,3ceae510-6ce2-4d07-8e1f-a06852d4616c,jim1083,Jim Knettel,2023-03-26 20:08:05 UTC,2023-10-24 00:36:05 UTC,casual,https://www.inaturalist.org/observations/152413739,L bottom slope split too,1,0,TRUE,"Tacoma, WA 98418, USA",47.22500547,-122.4429975,8,8,western redcedar,Thuja plicata,western redcedar,25,0,10/23/23,Twrc117,Relatively Less Cones
152538331,4cc099a8-752f-420b-addd-73a48613b508,jim1083,Jim Knettel,2023-03-27 19:35:57 UTC,2023-10-24 01:04:20 UTC,research,https://www.inaturalist.org/observations/152538331,D l h f ,2,0,FALSE,"Pacific Ave / 64th, Tacoma, WA 98408, USA",47.19830776,-122.4345892,9,9,western redcedar,Thuja plicata,western redcedar,5,0,10/23/23,Twrc118,
152538987,9275cb4c-75c0-4662-a981-bd2594105a81,jim1083,Jim Knettel,2023-03-27 19:42:04 UTC,2023-10-19 20:53:20 UTC,research,https://www.inaturalist.org/observations/152538987,Vl w fvh,1,0,FALSE,"Tacoma, WA 98408, USA",47.20026861,-122.4359942,14,14,western redcedar,Thuja plicata,western redcedar,20,0,10/19/23,Twrc119,Typical amount of Cones
153221584,3432a46b-5865-4ffa-ad6a-7e02563ba770,jim1083,Jim Knettel,2023-04-02 19:33:31 UTC,2023-10-23 02:18:01 UTC,casual,https://www.inaturalist.org/observations/153221584,M d h f,0,0,TRUE,"Eastside, Tacoma, WA, USA",47.23039662,-122.4230502,6,6,western redcedar,Thuja plicata,western redcedar,25,0,10/22/23,Twrc120,Relatively More Cones
153476456,f42b8108-c3b8-4e1b-8bbc-a209272720d8,jim1083,Jim Knettel,2023-04-04 19:04:24 UTC,2023-10-24 01:43:41 UTC,research,https://www.inaturalist.org/observations/153476456,L top slope d h,1,0,FALSE,"Eastside, Tacoma, WA, USA",47.197195,-122.4129599,4,4,western redcedar,Thuja plicata,western redcedar,15,0,10/22/23,Twrc121,Relatively More Cones
153476761,6c1539a1-4062-4be4-91ec-d425ee455253,jim1083,Jim Knettel,2023-04-04 19:06:38 UTC,2023-10-23 02:22:45 UTC,research,https://www.inaturalist.org/observations/153476761,M h midslope d,1,0,FALSE,"Eastside, Tacoma, WA, USA",47.19714522,-122.4125838,9,9,western redcedar,Thuja plicata,western redcedar,5,0,10/22/23,Twrc122,Typical amount of Cones
153485044,2cc974fa-5d55-44a7-850a-a3d6ee1e0a1c,jim1083,Jim Knettel,2023-04-04 20:23:55 UTC,2023-10-19 20:53:44 UTC,casual,https://www.inaturalist.org/observations/153485044,Fdhl,0,0,TRUE,"Eastside, Tacoma, WA, USA",47.2249494,-122.416299,6,6,western redcedar,Thuja plicata,western redcedar,10,0,10/19/23,Twrc123,Relatively More Cones
153485213,cd3d562f-54e4-4369-9bef-b09eed17a4df,jim1083,Jim Knettel,2023-04-04 20:25:10 UTC,2023-10-25 16:35:34 UTC,casual,https://www.inaturalist.org/observations/153485213,Fdhl,0,0,TRUE,"Eastside, Tacoma, WA, USA",47.22497319,-122.416289,8,8,western redcedar,Thuja plicata,western redcedar,10,0,10/19/23,Twrc124,Relatively More Cones
153848029,8e7e354c-d4d4-48fa-95b7-e2b5d99e6195,jim1083,Jim Knettel,2023-04-07 19:52:28 UTC,2023-10-23 02:24:30 UTC,research,https://www.inaturalist.org/observations/153848029,F h d l,1,0,FALSE,"Eastside, Tacoma, WA, USA",47.22962855,-122.4157027,2,2,western redcedar,Thuja plicata,western redcedar,5,0,10/22/23,Twrc125,Relatively More Cones
154179313,673a9df2-18c1-4097-98e2-5976b03aa83a,jim1083,Jim Knettel,2023-04-09 22:08:29 UTC,2024-01-03 05:05:27 UTC,research,https://www.inaturalist.org/observations/154179313,T d h l,1,0,FALSE,"E 38th St & E I St, Tacoma, WA 98404, USA",47.22331594,-122.4186015,9,9,western redcedar,Thuja plicata,western redcedar,5,0,10/21/23,Twrc126,Relatively Less Cones
154180485,93c3ffa4-b07d-4d46-8600-3086b45f0821,jim1083,Jim Knettel,2023-04-09 22:15:49 UTC,2024-01-03 05:05:25 UTC,research,https://www.inaturalist.org/observations/154180485,Fwlh,1,0,FALSE,"Eastside, Tacoma, WA, USA",47.22365145,-122.4152959,7,7,western redcedar,Thuja plicata,western redcedar,5,0,10/19/23,Twrc127,Relatively Less Cones
154183734,1ade2978-829e-4cfa-9e29-8a663accdde7,jim1083,Jim Knettel,2023-04-09 22:37:29 UTC,2024-01-03 05:05:23 UTC,research,https://www.inaturalist.org/observations/154183734,H top slope d l,1,0,FALSE,"Pierce County, US-WA, US",47.22446512,-122.4175617,7,7,western redcedar,Thuja plicata,western redcedar,15,0,10/21/23,Twrc128,Relatively More Cones
154191005,6712a26a-7549-4ce4-b1d7-a997d36d016c,jim1083,Jim Knettel,2023-04-09 23:31:02 UTC,2024-01-03 05:04:54 UTC,research,https://www.inaturalist.org/observations/154191005,W mid h l,1,0,FALSE,"Eastside, Tacoma, WA, USA",47.22811991,-122.4257166,9,9,western redcedar,Thuja plicata,western redcedar,10,0,10/21/23,Twrc129,Typical amount of Cones
154191056,77a2d335-673a-4236-9581-3cc478759d95,jim1083,Jim Knettel,2023-04-09 23:31:26 UTC,2024-01-03 05:04:52 UTC,research,https://www.inaturalist.org/observations/154191056,M f d,1,0,FALSE,"Eastside, Tacoma, WA, USA",47.22859131,-122.4255212,7,7,western redcedar,Thuja plicata,western redcedar,15,0,10/21/23,Twrc130,Typical amount of Cones
154191124,35ab1b9d-4bd3-4a6c-b596-90cf5c9e9b3b,jim1083,Jim Knettel,2023-04-09 23:32:02 UTC,2024-01-03 05:04:47 UTC,research,https://www.inaturalist.org/observations/154191124,L mid h d,1,0,FALSE,"Eastside, Tacoma, WA, USA",47.22855385,-122.4256406,8,8,western redcedar,Thuja plicata,western redcedar,20,0,10/21/23,Twrc131,Typical amount of Cones
154191682,30e3af25-7c99-40a3-9f1b-1e133cde998a,jim1083,Jim Knettel,2023-04-09 23:35:43 UTC,2024-01-03 05:04:41 UTC,research,https://www.inaturalist.org/observations/154191682,D mid l h,1,0,FALSE,"Eastside, Tacoma, WA, USA",47.22896744,-122.4263357,7,7,western redcedar,Thuja plicata,western redcedar,15,0,10/21/23,Twrc132,Typical amount of Cones
154193842,67101fbf-b1c7-4f5e-99a4-4da0adacbd9f,jim1083,Jim Knettel,2023-04-09 23:48:06 UTC,2024-01-03 05:04:08 UTC,research,https://www.inaturalist.org/observations/154193842,Med h f d,1,0,FALSE,"Eastside, Tacoma, WA, USA",47.23191977,-122.4241645,5,5,western redcedar,Thuja plicata,western redcedar,10,0,10/22/23,Twrc133,Typical amount of Cones
154329053,b5814f68-b9d5-4fad-b501-3a2f31e72946,jim1083,Jim Knettel,2023-04-10 20:48:00 UTC,2023-10-20 03:29:14 UTC,casual,https://www.inaturalist.org/observations/154329053,Vl w h f,0,0,TRUE,"Eastside, Tacoma, WA, USA",47.23647124,-122.4183381,9,9,western redcedar,Thuja plicata,western redcedar,20,0,10/19/23,Twrc134,Relatively More Cones
154330583,5c37588a-740d-4737-ae79-332f60f634a8,jim1083,Jim Knettel,2023-04-10 20:59:09 UTC,2023-10-19 20:56:45 UTC,research,https://www.inaturalist.org/observations/154330583,Mid l w h,1,0,FALSE,"Eastside, Tacoma, WA, USA",47.23430426,-122.4188574,9,9,western redcedar,Thuja plicata,western redcedar,5,0,,Twrc135,Relatively Less Cones
154333542,1ef55a1a-c995-4b01-9a92-274cda91422d,jim1083,Jim Knettel,2023-04-10 21:21:17 UTC,2023-10-19 20:57:35 UTC,research,https://www.inaturalist.org/observations/154333542,Fdlh,1,0,FALSE,"Eastside, Tacoma, WA, USA",47.23225865,-122.418096,7,7,western redcedar,Thuja plicata,western redcedar,15,0,10/19/23,Twrc136,Relatively More Cones
154333847,48ed5cc8-216b-426f-b402-18c07cd41193,jim1083,Jim Knettel,2023-04-10 21:24:13 UTC,2023-10-20 03:29:21 UTC,research,https://www.inaturalist.org/observations/154333847,,1,0,FALSE,"Eastside, Tacoma, WA, USA",47.2320918,-122.4186977,28,28,western redcedar,Thuja plicata,western redcedar,5,0,10/19/23,Twrc137,Relatively Less Cones
154334667,a2a47948-dc35-49e0-8001-237c150bef49,jim1083,Jim Knettel,2023-04-10 21:30:37 UTC,2023-10-19 20:59:03 UTC,research,https://www.inaturalist.org/observations/154334667,W l h f,1,0,FALSE,"McKinley, Tacoma, WA 98404, USA",47.2334144,-122.4209225,15,15,western redcedar,Thuja plicata,western redcedar,15,0,10/19/23,Twrc138,Relatively More Cones
154334878,e75f842b-f014-4789-9a97-387b6f8d8c46,jim1083,Jim Knettel,2023-04-10 21:32:10 UTC,2023-10-19 20:59:42 UTC,research,https://www.inaturalist.org/observations/154334878,W l f h,1,0,FALSE,"McKinley Ave & Wright Ave, Tacoma, WA 98404, USA",47.23329762,-122.4210304,8,8,western redcedar,Thuja plicata,western redcedar,10,0,10/19/23,Twrc139,Relatively More Cones
154336890,a137ed90-5844-407e-996d-1cf94600279b,jim1083,Jim Knettel,2023-04-10 21:48:13 UTC,2023-10-23 02:28:43 UTC,research,https://www.inaturalist.org/observations/154336890,F d h l,1,0,FALSE,"Eastside, Tacoma, WA, USA",47.23109197,-122.4153228,7,7,western redcedar,Thuja plicata,western redcedar,15,0,10/22/23,Twrc140,Relatively More Cones
154339533,7884b65d-20a0-4a77-a5a8-04fa22f3ee78,jim1083,Jim Knettel,2023-04-10 22:08:31 UTC,2023-10-25 16:35:45 UTC,research,https://www.inaturalist.org/observations/154339533,F l d h,1,0,FALSE,"McKinley, Tacoma, WA 98404, USA",47.2292104,-122.4198953,15,15,western redcedar,Thuja plicata,western redcedar,5,0,10/21/23,Twrc141,Relatively More Cones
154340004,f7bcadc0-a72f-41ac-8919-684ee6a7f068,jim1083,Jim Knettel,2023-04-10 22:12:03 UTC,2023-10-21 20:52:09 UTC,research,https://www.inaturalist.org/observations/154340004,D h l f,1,0,FALSE,"Eastside, Tacoma, WA, USA",47.22907953,-122.4190077,5,5,western redcedar,Thuja plicata,western redcedar,15,0,10/21/23,Twrc142,Relatively More Cones
154596386,87722763-fac3-4f40-8f84-ec53453bc8dc,jim1083,Jim Knettel,2023-04-12 18:34:55 UTC,2023-10-23 02:31:00 UTC,research,https://www.inaturalist.org/observations/154596386,Lhfd,1,0,FALSE,"Portland / 56th, Tacoma, WA 98404, USA",47.20581941,-122.4077536,9,9,western redcedar,Thuja plicata,western redcedar,15,0,10/22/23,Twrc143,Typical amount of Cones
154603898,ef208c8f-03dc-496a-b2fd-e4048a2724b0,jim1083,Jim Knettel,2023-04-12 19:32:55 UTC,2024-01-03 04:51:05 UTC,research,https://www.inaturalist.org/observations/154603898,M mid d h,1,0,FALSE,"Eastside, Tacoma, WA, USA",47.22985719,-122.4089373,5,5,western redcedar,Thuja plicata,western redcedar,25,0,10/22/23,Twrc144,
168603353,c6ab6061-817a-40f9-a910-fb88bf72b8fa,noah133,Noah Willers,2023-06-21 03:50:14 UTC,2023-10-25 19:17:52 UTC,research,https://www.inaturalist.org/observations/168603353,,1,0,FALSE,"N Bristol St, Tacoma, WA, US",47.29743667,-122.5197667,4,4,western redcedar,Thuja plicata,western redcedar,10,0,10/25/23,Twrc145,Typical amount of Cones